date,horizon,rate,n
20120125,2012,0.25,14
20120125,2013,0.25,11
20120125,2014,0.25,6
20120125,2012,0.5,1
20120125,2013,0.5,1
20120125,2014,0.5,2
20120125,2013,0.75,2
20120125,2014,0.75,1
20120125,2012,1.0,2
20120125,2013,1.0,1
20120125,2014,1.0,2
20120125,2014,1.5,1
20120125,2013,1.75,1
20120125,2013,2.0,1
20120125,2014,2.0,1
20120125,2014,2.5,3
20120125,2014,2.75,1
20120125,longer_run,3.75,1
20120125,longer_run,4.0,7
20120125,longer_run,4.25,3
20120125,longer_run,4.5,6
20120425,2012,0.25,14
20120425,2013,0.25,11
20120425,2014,0.25,4
20120425,2012,0.5,1
20120425,2014,0.5,3
20120425,2013,0.75,1
20120425,2012,1.0,1
20120425,2013,1.0,2
20120425,2014,1.0,2
20120425,2012,1.25,1
20120425,2013,1.25,1
20120425,2014,1.5,1
20120425,2013,1.75,2
20120425,2014,2.0,2
20120425,2014,2.25,1
20120425,2014,2.5,3
20120425,2014,2.75,1
20120425,longer_run,3.5,1
20120425,longer_run,3.75,1
20120425,longer_run,4.0,6
20120425,longer_run,4.25,2
20120425,longer_run,4.5,7
20120620,2012,0.25,16
20120620,2013,0.25,13
20120620,2014,0.25,6
20120620,2012,0.5,2
20120620,2013,0.5,1
20120620,2014,0.5,4
20120620,2012,0.75,1
20120620,2013,0.75,1
20120620,2014,0.75,1
20120620,2013,1.0,1
20120620,2013,1.25,2
20120620,2014,1.5,2
20120620,2013,1.75,1
20120620,2014,1.75,2
20120620,2014,2.0,1
20120620,2014,2.5,1
20120620,2014,2.75,1
20120620,2014,3.0,1
20120620,longer_run,3.0,1
20120620,longer_run,3.5,1
20120620,longer_run,3.75,1
20120620,longer_run,4.0,6
20120620,longer_run,4.25,5
20120620,longer_run,4.5,5
20120913,2012,0.25,18
20120913,2013,0.25,15
20120913,2014,0.25,13
20120913,2015,0.25,1
20120913,2012,0.5,1
20120913,2013,0.5,2
20120913,2015,0.5,2
20120913,2013,0.75,1
20120913,2015,0.75,3
20120913,2015,1.0,4
20120913,2014,1.5,2
20120913,2015,1.5,3
20120913,2013,1.75,1
20120913,2014,1.75,2
20120913,2014,2.5,1
20120913,2015,2.5,2
20120913,2014,3.0,1
20120913,longer_run,3.0,1
20120913,2015,3.5,1
20120913,longer_run,3.5,1
20120913,2015,3.75,1
20120913,longer_run,3.75,2
20120913,2015,4.0,1
20120913,longer_run,4.0,6
20120913,longer_run,4.25,5
20120913,2015,4.5,1
20120913,longer_run,4.5,4
20121212,2012,0.25,19
20121212,2013,0.25,17
20121212,2014,0.25,14
20121212,2015,0.25,1
20121212,2013,0.5,1
20121212,2014,0.5,1
20121212,2015,0.5,5
20121212,2015,0.75,3
20121212,2013,1.0,1
20121212,2015,1.0,3
20121212,2015,1.25,2
20121212,2014,1.5,2
20121212,2014,1.75,1
20121212,2015,2.0,1
20121212,2015,2.5,1
20121212,2014,2.75,1
20121212,longer_run,3.0,1
20121212,2015,3.5,1
20121212,longer_run,3.5,1
20121212,2015,3.75,1
20121212,longer_run,3.75,3
20121212,longer_run,4.0,5
20121212,longer_run,4.25,6
20121212,2015,4.5,1
20121212,longer_run,4.5,3
20130320,2013,0.25,18
20130320,2014,0.25,14
20130320,2015,0.25,1
20130320,2014,0.5,1
20130320,2015,0.5,7
20130320,2015,0.75,1
20130320,2013,1.0,1
20130320,2014,1.0,2
20130320,2015,1.0,2
20130320,2015,1.25,4
20130320,2014,1.75,1
20130320,2015,2.0,1
20130320,2014,2.75,1
20130320,2015,3.0,1
20130320,longer_run,3.25,1
20130320,longer_run,3.5,2
20130320,2015,3.75,1
20130320,longer_run,3.75,1
20130320,longer_run,4.0,9
20130320,longer_run,4.25,3
20130320,2015,4.5,1
20130320,longer_run,4.5,3
20130619,2013,0.25,18
20130619,2014,0.25,15
20130619,2015,0.25,1
20130619,2013,0.5,1
20130619,2015,0.5,2
20130619,2015,0.75,3
20130619,2014,1.0,3
20130619,2015,1.0,4
20130619,2015,1.25,2
20130619,2014,1.5,1
20130619,2015,1.5,3
20130619,2015,2.0,1
20130619,2015,3.0,3
20130619,longer_run,3.25,1
20130619,longer_run,3.5,2
20130619,longer_run,3.75,1
20130619,longer_run,4.0,9
20130619,longer_run,4.25,3
20130619,longer_run,4.5,3
20130918,2013,0.25,17
20130918,2014,0.25,14
20130918,2015,0.25,2
20130918,2015,0.5,1
20130918,2016,0.5,1
20130918,2015,0.75,5
20130918,2014,1.0,2
20130918,2015,1.0,3
20130918,2016,1.0,1
20130918,2014,1.25,1
20130918,2015,1.25,1
20130918,2015,1.5,2
20130918,2016,1.5,1
20130918,2016,1.75,5
20130918,2016,2.0,2
20130918,2016,2.5,2
20130918,2016,2.75,2
20130918,2015,3.0,2
20130918,2015,3.25,1
20130918,longer_run,3.25,1
20130918,longer_run,3.5,2
20130918,longer_run,3.75,1
20130918,2016,4.0,2
20130918,longer_run,4.0,10
20130918,2016,4.25,1
20130918,longer_run,4.25,3
20131218,2013,0.25,17
20131218,2014,0.25,15
20131218,2015,0.25,3
20131218,2015,0.5,3
20131218,2016,0.5,1
20131218,2014,0.75,1
20131218,2015,0.75,4
20131218,2015,1.0,2
20131218,2016,1.0,1
20131218,2014,1.25,1
20131218,2015,1.25,1
20131218,2016,1.25,1
20131218,2015,1.5,1
20131218,2016,1.5,2
20131218,2016,1.75,4
20131218,2015,2.0,1
20131218,2016,2.0,1
20131218,2016,2.5,2
20131218,2015,2.75,1
20131218,2016,2.75,1
20131218,2016,3.0,1
20131218,2015,3.25,1
20131218,2016,3.25,1
20131218,longer_run,3.5,4
20131218,longer_run,3.75,2
20131218,2016,4.0,1
20131218,longer_run,4.0,9
20131218,2016,4.25,1
20131218,longer_run,4.25,2
20140319,2014,0.25,15
20140319,2015,0.25,2
20140319,2015,0.5,2
20140319,2015,0.75,2
20140319,2016,0.75,1
20140319,2014,1.0,1
20140319,2015,1.0,5
20140319,2015,1.25,1
20140319,2016,1.25,1
20140319,2015,1.5,1
20140319,2016,1.75,2
20140319,2015,2.0,1
20140319,2016,2.0,3
20140319,2015,2.25,1
20140319,2016,2.25,2
20140319,2016,2.5,1
20140319,2016,2.75,2
20140319,2015,3.0,1
20140319,2016,3.0,1
20140319,2016,3.5,1
20140319,longer_run,3.5,4
20140319,longer_run,3.75,2
20140319,2016,4.0,1
20140319,longer_run,4.0,8
20140319,2016,4.25,1
20140319,longer_run,4.25,2
20140618,2014,0.25,15
20140618,2015,0.25,3
20140618,2015,0.5,1
20140618,2016,0.5,1
20140618,2015,0.75,1
20140618,2014,1.0,1
20140618,2015,1.0,3
20140618,2016,1.0,1
20140618,2015,1.25,3
20140618,2016,1.25,1
20140618,2015,1.5,1
20140618,2015,1.75,1
20140618,2015,2.0,1
20140618,2016,2.0,2
20140618,2015,2.25,1
20140618,2016,2.25,2
20140618,2016,2.5,2
20140618,2016,2.75,1
20140618,2015,3.0,1
20140618,2016,3.0,2
20140618,longer_run,3.25,1
20140618,2016,3.5,1
20140618,longer_run,3.5,3
20140618,2016,3.75,1
20140618,longer_run,3.75,7
20140618,2016,4.0,1
20140618,longer_run,4.0,3
20140618,2016,4.25,1
20140618,longer_run,4.25,2
20140917,2014,0.125,16
20140917,2015,0.125,2
20140917,2015,0.375,1
20140917,2016,0.375,1
20140917,2014,0.875,1
20140917,2015,0.875,3
20140917,2015,1.125,2
20140917,2016,1.125,1
20140917,2015,1.375,3
20140917,2015,1.625,1
20140917,2016,1.625,1
20140917,2015,1.875,4
20140917,2017,2.0,1
20140917,2016,2.125,2
20140917,2016,2.375,2
20140917,2016,2.625,1
20140917,2017,2.625,1
20140917,2015,2.875,1
20140917,2016,2.875,2
20140917,2016,3.0,1
20140917,2016,3.125,1
20140917,2017,3.125,3
20140917,longer_run,3.25,1
20140917,2016,3.375,1
20140917,2017,3.375,2
20140917,longer_run,3.5,3
20140917,2017,3.625,1
20140917,2017,3.75,2
20140917,longer_run,3.75,6
20140917,2016,3.875,3
20140917,2017,3.875,3
20140917,longer_run,3.875,2
20140917,2016,4.0,1
20140917,2017,4.0,1
20140917,longer_run,4.0,3
20140917,2017,4.125,1
20140917,2017,4.25,1
20140917,longer_run,4.25,2
20140917,2017,4.375,1
20141217,2014,0.125,17
20141217,2015,0.125,2
20141217,2016,0.375,1
20141217,2015,0.625,2
20141217,2015,0.875,4
20141217,2015,1.125,3
20141217,2016,1.125,1
20141217,2015,1.625,2
20141217,2015,1.875,4
20141217,2016,1.875,2
20141217,2017,2.0,1
20141217,2016,2.125,3
20141217,2016,2.375,1
20141217,2016,2.5,1
20141217,2016,2.625,1
20141217,2017,2.625,1
20141217,2016,2.875,1
20141217,2017,2.875,1
20141217,2016,3.125,2
20141217,2017,3.125,2
20141217,longer_run,3.25,1
20141217,2016,3.375,1
20141217,2017,3.375,2
20141217,longer_run,3.5,3
20141217,2016,3.625,1
20141217,2017,3.625,2
20141217,2017,3.75,3
20141217,longer_run,3.75,8
20141217,2016,3.875,1
20141217,2017,3.875,1
20141217,2016,4.0,1
20141217,2017,4.0,1
20141217,longer_run,4.0,3
20141217,2017,4.125,1
20141217,2017,4.25,2
20141217,longer_run,4.25,2
20150318,2015,0.125,2
20150318,2015,0.375,1
20150318,2016,0.375,1
20150318,2015,0.625,7
20150318,2015,0.875,3
20150318,2015,1.125,1
20150318,2016,1.125,1
20150318,2015,1.375,2
20150318,2015,1.625,1
20150318,2016,1.625,6
20150318,2016,1.875,3
20150318,2017,2.0,1
20150318,2016,2.125,1
20150318,2016,2.25,1
20150318,2016,2.625,1
20150318,2017,2.625,3
20150318,2017,2.875,2
20150318,longer_run,3.0,1
20150318,2017,3.125,4
20150318,2016,3.375,2
20150318,2017,3.375,1
20150318,longer_run,3.5,7
20150318,2017,3.625,2
20150318,2016,3.75,1
20150318,2017,3.75,2
20150318,longer_run,3.75,6
20150318,2017,3.875,1
20150318,2017,4.0,1
20150318,longer_run,4.0,2
20150318,longer_run,4.25,1
20150617,2015,0.125,2
20150617,2015,0.375,5
20150617,2016,0.375,1
20150617,2015,0.625,5
20150617,2015,0.875,5
20150617,2016,0.875,1
20150617,2016,1.125,1
20150617,2016,1.375,4
20150617,2016,1.625,3
20150617,2016,1.875,1
20150617,2017,2.0,1
20150617,2016,2.125,1
20150617,2017,2.125,1
20150617,2016,2.25,1
20150617,2016,2.375,1
20150617,2017,2.375,3
20150617,2016,2.625,1
20150617,2017,2.625,3
20150617,2016,2.875,2
20150617,2017,2.875,1
20150617,2017,3.125,1
20150617,longer_run,3.25,3
20150617,2017,3.375,1
20150617,longer_run,3.5,5
20150617,2017,3.625,2
20150617,2017,3.75,2
20150617,longer_run,3.75,6
20150617,2017,3.875,2
20150617,longer_run,4.0,2
20150617,longer_run,4.25,1
20150917,2015,-0.125,1
20150917,2016,-0.125,1
20150917,2015,0.125,3
20150917,2015,0.375,7
20150917,2015,0.625,5
20150917,2015,0.875,1
20150917,2016,0.875,2
20150917,2017,1.0,1
20150917,2016,1.125,4
20150917,2016,1.375,2
20150917,2016,1.625,3
20150917,2016,1.875,1
20150917,2017,1.875,2
20150917,2016,2.125,2
20150917,2017,2.125,2
20150917,2016,2.375,1
20150917,2017,2.375,2
20150917,2017,2.625,3
20150917,2016,2.875,1
20150917,2018,2.875,3
20150917,2017,3.0,2
20150917,2018,3.0,1
20150917,longer_run,3.0,1
20150917,2017,3.125,1
20150917,2018,3.125,2
20150917,2018,3.25,2
20150917,longer_run,3.25,6
20150917,2017,3.375,2
20150917,2018,3.375,1
20150917,2017,3.5,1
20150917,2018,3.5,3
20150917,longer_run,3.5,5
20150917,2018,3.625,3
20150917,longer_run,3.625,1
20150917,2018,3.75,1
20150917,longer_run,3.75,3
20150917,2017,3.875,1
20150917,2018,3.875,1
20150917,longer_run,4.0,1
20151216,2015,0.125,2
20151216,2015,0.375,15
20151216,2016,0.875,4
20151216,2016,1.125,3
20151216,2016,1.375,7
20151216,2016,1.625,2
20151216,2017,1.875,5
20151216,2016,2.125,1
20151216,2017,2.125,2
20151216,2018,2.125,1
20151216,2017,2.375,4
20151216,2018,2.5,1
20151216,2017,2.625,2
20151216,2018,2.875,4
20151216,2017,3.0,1
20151216,2018,3.0,1
20151216,longer_run,3.0,2
20151216,2017,3.125,2
20151216,2018,3.125,1
20151216,2018,3.25,1
20151216,longer_run,3.25,6
20151216,2017,3.375,1
20151216,2018,3.375,3
20151216,2018,3.5,2
20151216,longer_run,3.5,6
20151216,2018,3.625,2
20151216,longer_run,3.75,2
20151216,2018,3.875,1
20151216,longer_run,4.0,1
20160316,2016,0.625,1
20160316,2016,0.875,9
20160316,2016,1.125,3
20160316,2016,1.375,4
20160316,2017,1.625,4
20160316,2017,1.875,5
20160316,2017,2.125,3
20160316,2018,2.125,1
20160316,2017,2.375,3
20160316,2018,2.375,2
20160316,2018,2.5,1
20160316,2017,2.625,1
20160316,2018,2.625,1
20160316,2017,2.75,1
20160316,2018,2.875,3
20160316,2018,3.0,1
20160316,longer_run,3.0,5
20160316,2018,3.125,3
20160316,2018,3.25,2
20160316,longer_run,3.25,7
20160316,2018,3.375,2
20160316,longer_run,3.5,2
20160316,longer_run,3.75,2
20160316,2018,3.875,1
20160316,longer_run,4.0,1
20160615,2016,0.625,6
20160615,2017,0.625,1
20160615,2018,0.625,1
20160615,2016,0.875,9
20160615,2016,1.125,1
20160615,2016,1.375,1
20160615,2017,1.375,6
20160615,2017,1.625,4
20160615,2017,1.875,3
20160615,2017,2.125,1
20160615,2018,2.125,4
20160615,2017,2.25,1
20160615,2017,2.375,1
20160615,2018,2.375,5
20160615,2018,2.625,1
20160615,longer_run,2.75,3
20160615,2018,2.875,3
20160615,2018,3.0,1
20160615,longer_run,3.0,6
20160615,2018,3.25,1
20160615,longer_run,3.25,4
20160615,2018,3.375,1
20160615,longer_run,3.5,1
20160615,longer_run,3.75,2
20160921,2016,0.375,3
20160921,2016,0.625,10
20160921,2017,0.625,2
20160921,2018,0.625,1
20160921,2019,0.625,1
20160921,2016,0.875,3
20160921,2017,0.875,1
20160921,2016,1.125,1
20160921,2017,1.125,7
20160921,2017,1.375,1
20160921,2017,1.625,2
20160921,2018,1.625,2
20160921,2017,1.75,1
20160921,2017,1.875,2
20160921,2018,1.875,7
20160921,2017,2.125,1
20160921,2018,2.125,1
20160921,2019,2.125,1
20160921,2019,2.375,3
20160921,longer_run,2.5,3
20160921,2018,2.625,2
20160921,2019,2.625,5
20160921,2018,2.75,2
20160921,2019,2.75,1
20160921,longer_run,2.75,5
20160921,2018,2.875,1
20160921,2019,3.0,3
20160921,longer_run,3.0,6
20160921,2018,3.125,1
20160921,2019,3.125,1
20160921,2019,3.375,1
20160921,longer_run,3.5,1
20160921,2019,3.75,1
20160921,longer_run,3.75,1
20161214,2016,0.625,17
20161214,2017,0.875,2
20161214,2018,0.875,1
20161214,2019,0.875,1
20161214,2017,1.125,4
20161214,2017,1.375,6
20161214,2017,1.625,3
20161214,2018,1.625,1
20161214,2017,1.75,1
20161214,2018,1.875,5
20161214,2017,2.125,1
20161214,2018,2.125,3
20161214,2019,2.125,1
20161214,2018,2.375,2
20161214,2019,2.375,2
20161214,longer_run,2.5,1
20161214,2018,2.625,2
20161214,2019,2.625,3
20161214,longer_run,2.75,6
20161214,2019,2.875,2
20161214,2018,3.0,1
20161214,2019,3.0,2
20161214,longer_run,3.0,7
20161214,2019,3.125,2
20161214,2018,3.25,1
20161214,2019,3.25,2
20161214,2018,3.375,1
20161214,longer_run,3.5,1
20161214,2019,3.625,1
20161214,longer_run,3.75,1
20161214,2019,3.875,1
20170315,2017,0.875,2
20170315,2018,0.875,1
20170315,2019,0.875,1
20170315,2017,1.125,1
20170315,2017,1.375,9
20170315,2017,1.625,4
20170315,2018,1.625,1
20170315,2018,1.875,1
20170315,2017,2.125,1
20170315,2018,2.125,6
20170315,2018,2.375,3
20170315,2019,2.375,2
20170315,longer_run,2.5,1
20170315,2018,2.625,1
20170315,2019,2.625,2
20170315,longer_run,2.75,5
20170315,2018,2.875,1
20170315,2019,2.875,3
20170315,2018,3.0,1
20170315,2019,3.0,2
20170315,longer_run,3.0,8
20170315,2019,3.125,3
20170315,2018,3.25,1
20170315,2019,3.25,2
20170315,2018,3.375,1
20170315,longer_run,3.5,1
20170315,longer_run,3.75,1
20170315,2019,3.875,2
20170614,2017,1.125,4
20170614,2018,1.125,1
20170614,2019,1.125,1
20170614,2017,1.375,8
20170614,2017,1.625,4
20170614,2018,1.625,1
20170614,2018,1.875,2
20170614,2018,2.125,5
20170614,2018,2.375,2
20170614,2019,2.375,2
20170614,longer_run,2.5,1
20170614,2018,2.625,3
20170614,2019,2.625,3
20170614,2018,2.75,1
20170614,longer_run,2.75,5
20170614,2019,2.875,2
20170614,2019,3.0,2
20170614,longer_run,3.0,8
20170614,2018,3.125,1
20170614,2019,3.125,3
20170614,2019,3.25,1
20170614,2019,3.375,1
20170614,longer_run,3.5,1
20170614,2019,4.125,1
20170920,2017,1.125,4
20170920,2018,1.125,2
20170920,2019,1.125,1
20170920,2020,1.125,1
20170920,2017,1.375,11
20170920,2017,1.625,1
20170920,2018,1.625,1
20170920,2019,1.625,1
20170920,2018,1.875,2
20170920,2018,2.125,6
20170920,2019,2.125,1
20170920,longer_run,2.25,1
20170920,2018,2.375,3
20170920,2019,2.375,2
20170920,2020,2.375,2
20170920,2018,2.5,1
20170920,2019,2.5,1
20170920,2020,2.5,1
20170920,longer_run,2.5,4
20170920,2018,2.625,1
20170920,2019,2.625,2
20170920,2020,2.625,2
20170920,2019,2.75,1
20170920,2020,2.75,1
20170920,longer_run,2.75,4
20170920,2019,2.875,2
20170920,2020,2.875,3
20170920,2020,3.0,1
20170920,longer_run,3.0,5
20170920,2019,3.125,2
20170920,2020,3.125,1
20170920,2019,3.25,1
20170920,2019,3.375,2
20170920,2020,3.5,2
20170920,longer_run,3.5,1
20170920,2020,3.625,1
20170920,2020,3.875,1
20171213,2017,1.125,2
20171213,2018,1.125,1
20171213,2017,1.375,14
20171213,2018,1.375,1
20171213,2019,1.375,1
20171213,2020,1.375,1
20171213,2018,1.625,1
20171213,2019,1.625,1
20171213,2018,1.875,3
20171213,2018,2.125,6
20171213,longer_run,2.25,1
20171213,2018,2.375,3
20171213,2019,2.375,2
20171213,2020,2.375,1
20171213,longer_run,2.5,2
20171213,2018,2.625,1
20171213,2019,2.625,4
20171213,2020,2.625,2
20171213,2019,2.75,1
20171213,longer_run,2.75,6
20171213,2019,2.875,3
20171213,2020,2.875,1
20171213,2020,3.0,3
20171213,longer_run,3.0,6
20171213,2019,3.125,1
20171213,2020,3.125,5
20171213,2019,3.375,2
20171213,2020,3.5,1
20171213,2019,3.625,1
20171213,2020,4.125,2
20180321,2018,1.625,2
20180321,2019,1.625,1
20180321,2020,1.625,1
20180321,2018,2.125,6
20180321,2019,2.125,1
20180321,longer_run,2.25,1
20180321,2018,2.375,6
20180321,longer_run,2.5,1
20180321,2018,2.625,1
20180321,2019,2.625,1
20180321,2020,2.625,2
20180321,longer_run,2.625,1
20180321,2019,2.75,1
20180321,longer_run,2.75,4
20180321,2019,2.875,5
20180321,longer_run,3.0,5
20180321,2019,3.125,2
20180321,2020,3.125,1
20180321,2020,3.25,1
20180321,longer_run,3.25,1
20180321,2019,3.375,3
20180321,2020,3.375,5
20180321,2020,3.5,1
20180321,longer_run,3.5,1
20180321,2020,3.625,2
20180321,2019,3.875,1
20180321,2020,4.125,1
20180321,2020,4.875,1
20180613,2018,1.875,2
20180613,2019,1.875,1
20180613,2020,1.875,1
20180613,2018,2.125,5
20180613,2019,2.125,1
20180613,longer_run,2.25,1
20180613,2018,2.375,7
20180613,longer_run,2.5,1
20180613,2018,2.625,1
20180613,2019,2.625,1
20180613,2020,2.625,2
20180613,longer_run,2.625,1
20180613,longer_run,2.75,4
20180613,2019,2.875,4
20180613,longer_run,3.0,5
20180613,2019,3.125,4
20180613,2020,3.125,1
20180613,2020,3.25,1
20180613,longer_run,3.25,1
20180613,2019,3.375,3
20180613,2020,3.375,4
20180613,2020,3.5,1
20180613,longer_run,3.5,1
20180613,2019,3.625,1
20180613,2020,3.625,3
20180613,2020,4.125,2
20180926,2021,4.125,1
20180926,2020,3.875,1
20180926,2021,3.875,1
20180926,2019,3.625,1
20180926,2020,3.625,6
20180926,2021,3.625,2
20180926,2021,3.5,1
20180926,longer_run,3.5,1
20180926,2019,3.375,4
20180926,2020,3.375,2
20180926,2021,3.375,4
20180926,longer_run,3.25,1
20180926,2019,3.125,4
20180926,2020,3.125,4
20180926,2021,3.125,1
20180926,2021,3.0,1
20180926,longer_run,3.0,6
20180926,2019,2.875,4
20180926,2020,2.875,1
20180926,2021,2.875,3
20180926,longer_run,2.75,4
20180926,2019,2.625,1
20180926,2020,2.625,1
20180926,2021,2.625,1
20180926,longer_run,2.5,3
20180926,2018,2.375,12
20180926,2019,2.375,1
20180926,2018,2.125,4
20180926,2019,2.125,1
20180926,2020,2.125,1
20180926,2021,2.125,1
20181219,2020,3.625,2
20181219,2021,3.625,2
20181219,longer_run,3.5,1
20181219,2020,3.375,3
20181219,2021,3.375,1
20181219,longer_run,3.25,1
20181219,2019,3.125,6
20181219,2020,3.125,4
20181219,2021,3.125,6
20181219,longer_run,3.0,5
20181219,2019,2.875,5
20181219,2020,2.875,6
20181219,2021,2.875,4
20181219,longer_run,2.75,5
20181219,2019,2.625,4
20181219,2020,2.625,1
20181219,2021,2.625,3
20181219,longer_run,2.5,4
20181219,2018,2.375,15
20181219,2019,2.375,2
20181219,2020,2.375,1
20181219,2021,2.375,1
20181219,2018,2.125,2
20190320,2021,3.625,1
20190320,longer_run,3.5,1
20190320,2020,3.375,1
20190320,2021,3.375,1
20190320,longer_run,3.25,1
20190320,2020,3.125,2
20190320,2021,3.125,1
20190320,longer_run,3.0,4
20190320,2019,2.875,2
20190320,2020,2.875,3
20190320,2021,2.875,4
20190320,longer_run,2.75,4
20190320,2019,2.625,4
20190320,2020,2.625,4
20190320,2021,2.625,5
20190320,longer_run,2.5,6
20190320,2019,2.375,11
20190320,2020,2.375,7
20190320,2021,2.375,5
20190619,longer_run,3.25,2
20190619,2020,3.125,1
20190619,2021,3.125,1
20190619,longer_run,3.0,2
20190619,2021,2.875,1
20190619,longer_run,2.75,3
20190619,2019,2.625,1
20190619,2020,2.625,2
20190619,2021,2.625,3
20190619,longer_run,2.5,8
20190619,2019,2.375,8
20190619,2020,2.375,5
20190619,2021,2.375,5
20190619,longer_run,2.375,1
20190619,2019,2.125,1
20190619,2020,2.125,2
20190619,2021,2.125,2
20190619,2019,1.875,7
20190619,2020,1.875,7
20190619,2021,1.875,5
20190918,longer_run,3.25,1
20190918,longer_run,3.0,1
20190918,2022,2.875,2
20190918,longer_run,2.75,3
20190918,2021,2.625,1
20190918,2022,2.625,2
20190918,longer_run,2.5,8
20190918,2020,2.375,1
20190918,2021,2.375,5
20190918,2022,2.375,5
20190918,longer_run,2.375,1
20190918,longer_run,2.25,1
20190918,2019,2.125,5
20190918,2020,2.125,6
20190918,2021,2.125,4
20190918,2022,2.125,4
20190918,longer_run,2.0,1
20190918,2019,1.875,5
20190918,2020,1.875,2
20190918,2021,1.875,3
20190918,2022,1.875,3
20190918,2019,1.625,7
20190918,2020,1.625,8
20190918,2021,1.625,4
20190918,2022,1.625,1
20191211,longer_run,3.25,1
20191211,longer_run,3.0,1
20191211,2022,2.875,2
20191211,longer_run,2.75,2
20191211,2022,2.625,2
20191211,longer_run,2.5,8
20191211,2021,2.375,3
20191211,2022,2.375,4
20191211,longer_run,2.375,1
20191211,longer_run,2.25,2
20191211,2021,2.125,5
20191211,2022,2.125,3
20191211,longer_run,2.0,1
20191211,2020,1.875,4
20191211,2021,1.875,4
20191211,2022,1.875,5
20191211,2019,1.625,17
20191211,2020,1.625,13
20191211,2021,1.625,5
20191211,2022,1.625,1
20200610,longer_run,3.0,2
20200610,longer_run,2.75,1
20200610,longer_run,2.5,8
20200610,longer_run,2.375,1
20200610,longer_run,2.25,3
20200610,longer_run,2.0,1
20200610,2022,1.125,1
20200610,2022,0.375,1
20200610,2020,0.125,17
20200610,2021,0.125,17
20200610,2022,0.125,15
20200916,longer_run,3.0,2
20200916,longer_run,2.75,1
20200916,longer_run,2.5,8
20200916,longer_run,2.375,1
20200916,longer_run,2.25,3
20200916,longer_run,2.0,1
20200916,2023,1.375,1
20200916,2022,0.625,1
20200916,2023,0.625,1
20200916,2023,0.375,2
20200916,2020,0.125,17
20200916,2021,0.125,17
20200916,2022,0.125,16
20200916,2023,0.125,13
20201216,longer_run,3.0,2
20201216,longer_run,2.75,1
20201216,longer_run,2.5,8
20201216,longer_run,2.375,1
20201216,longer_run,2.25,3
20201216,longer_run,2.0,1
20201216,2023,1.125,1
20201216,2023,0.625,1
20201216,2022,0.375,1
20201216,2023,0.375,3
20201216,2020,0.125,17
20201216,2021,0.125,17
20201216,2022,0.125,16
20201216,2023,0.125,12
20210317,longer_run,3.0,2
20210317,longer_run,2.75,1
20210317,longer_run,2.5,8
20210317,longer_run,2.375,1
20210317,longer_run,2.25,4
20210317,longer_run,2.0,1
20210317,2023,1.125,2
20210317,2023,0.875,3
20210317,2022,0.625,1
20210317,2023,0.625,1
20210317,2022,0.375,3
20210317,2023,0.375,1
20210317,2021,0.125,18
20210317,2022,0.125,14
20210317,2023,0.125,11
20210616,longer_run,3.0,2
20210616,longer_run,2.75,1
20210616,longer_run,2.5,8
20210616,longer_run,2.375,1
20210616,longer_run,2.25,4
20210616,longer_run,2.0,1
20210616,2023,1.625,2
20210616,2023,1.125,3
20210616,2023,0.875,3
20210616,2022,0.625,2
20210616,2023,0.625,3
20210616,2022,0.375,5
20210616,2023,0.375,2
20210616,2021,0.125,18
20210616,2022,0.125,11
20210616,2023,0.125,5
20210922,longer_run,3.0,2
20210922,2024,2.625,1
20210922,longer_run,2.5,9
20210922,2024,2.375,1
20210922,longer_run,2.375,1
20210922,longer_run,2.25,4
20210922,2024,2.125,6
20210922,longer_run,2.0,1
20210922,2024,1.875,1
20210922,2023,1.625,3
20210922,2024,1.625,2
20210922,2023,1.125,6
20210922,2024,1.125,3
20210922,2023,0.875,1
20210922,2024,0.875,3
20210922,2022,0.625,3
20210922,2023,0.625,3
20210922,2024,0.625,1
20210922,2022,0.375,6
20210922,2023,0.375,4
20210922,2021,0.125,18
20210922,2022,0.125,9
20210922,2023,0.125,1
20211215,2024,3.125,1
20211215,longer_run,3.0,2
20211215,2024,2.875,4
20211215,longer_run,2.5,9
20211215,2024,2.375,2
20211215,longer_run,2.375,1
20211215,2024,2.25,1
20211215,longer_run,2.25,4
20211215,2023,2.125,3
20211215,2024,2.125,5
20211215,longer_run,2.0,1
20211215,2023,1.875,5
20211215,2024,1.875,5
20211215,2023,1.625,3
20211215,2023,1.375,5
20211215,2022,1.125,2
20211215,2023,1.125,2
20211215,2022,0.875,10
20211215,2022,0.625,5
20211215,2022,0.375,1
20211215,2021,0.125,18
20220316,2023,3.625,2
20220316,2024,3.625,2
20220316,2023,3.375,1
20220316,2024,3.375,2
20220316,2022,3.125,1
20220316,2023,3.125,2
20220316,2024,3.125,1
20220316,longer_run,3.0,2
20220316,2023,2.875,3
20220316,2024,2.875,3
20220316,2022,2.625,1
20220316,2023,2.625,3
20220316,2024,2.625,2
20220316,longer_run,2.5,5
20220316,2022,2.375,3
20220316,2023,2.375,4
20220316,2024,2.375,3
20220316,longer_run,2.375,1
20220316,2024,2.25,1
20220316,longer_run,2.25,6
20220316,2022,2.125,2
20220316,2023,2.125,1
20220316,2024,2.125,2
20220316,longer_run,2.0,1
20220316,2022,1.875,5
20220316,2022,1.625,3
20220316,2022,1.375,1
20220615,2023,4.375,1
20220615,2023,4.125,4
20220615,2024,4.125,1
20220615,2022,3.875,1
20220615,2023,3.875,4
20220615,2024,3.875,1
20220615,2022,3.625,4
20220615,2023,3.625,7
20220615,2024,3.625,2
20220615,2022,3.375,8
20220615,2023,3.375,1
20220615,2024,3.375,8
20220615,2022,3.125,5
20220615,2024,3.125,2
20220615,longer_run,3.0,2
20220615,2023,2.875,1
20220615,2024,2.875,2
20220615,longer_run,2.5,7
20220615,longer_run,2.375,1
20220615,2024,2.25,1
20220615,longer_run,2.25,6
20220615,2024,2.125,1
20220615,longer_run,2.0,1
20220921,2023,4.875,6
20220921,2022,4.625,1
20220921,2023,4.625,6
20220921,2024,4.625,2
20220921,2025,4.625,1
20220921,2022,4.375,9
20220921,2023,4.375,6
20220921,2024,4.375,2
20220921,2022,4.125,8
20220921,2024,4.125,2
20220921,2022,3.875,1
20220921,2023,3.875,1
20220921,2024,3.875,4
20220921,2024,3.625,3
20220921,2025,3.625,2
20220921,2024,3.375,3
20220921,2025,3.375,2
20220921,2024,3.125,1
20220921,2025,3.125,4
20220921,longer_run,3.0,2
20220921,2024,2.875,1
20220921,2025,2.875,3
20220921,2024,2.625,1
20220921,2025,2.625,3
20220921,longer_run,2.625,1
20220921,longer_run,2.5,8
20220921,2025,2.375,4
20220921,longer_run,2.375,1
20220921,longer_run,2.25,6
20221214,2023,5.625,2
20221214,2024,5.625,1
20221214,2025,5.625,1
20221214,2023,5.375,5
20221214,2023,5.125,10
20221214,2024,5.125,1
20221214,2023,4.875,2
20221214,2024,4.875,3
20221214,2024,4.625,2
20221214,2022,4.375,19
20221214,2025,4.375,1
20221214,2024,4.125,7
20221214,2025,4.125,1
20221214,2024,3.875,3
20221214,2025,3.875,1
20221214,2025,3.625,2
20221214,2024,3.375,1
20221214,2025,3.375,2
20221214,longer_run,3.25,1
20221214,2024,3.125,1
20221214,2025,3.125,4
20221214,longer_run,3.0,1
20221214,2025,2.875,2
20221214,2025,2.625,4
20221214,longer_run,2.625,1
20221214,longer_run,2.5,9
20221214,2025,2.375,1
20221214,longer_run,2.375,2
20221214,longer_run,2.25,4
20230322,2023,5.875,1
20230322,2023,5.625,3
20230322,2024,5.625,1
20230322,2025,5.625,1
20230322,2023,5.375,3
20230322,2024,5.375,1
20230322,2023,5.125,10
20230322,2024,5.125,2
20230322,2023,4.875,1
20230322,2024,4.625,3
20230322,2024,4.375,2
20230322,2025,4.375,1
20230322,2024,4.125,5
20230322,2025,4.125,1
20230322,2024,3.875,2
20230322,2025,3.875,1
20230322,2024,3.625,1
20230322,2025,3.625,1
20230322,longer_run,3.625,1
20230322,2024,3.375,1
20230322,2025,3.375,2
20230322,longer_run,3.25,1
20230322,2025,3.125,4
20230322,longer_run,3.0,1
20230322,2025,2.875,4
20230322,2025,2.625,2
20230322,longer_run,2.625,1
20230322,longer_run,2.5,8
20230322,2025,2.375,1
20230322,longer_run,2.375,2
20230322,longer_run,2.25,3
20230614,2023,6.125,1
20230614,2023,5.875,2
20230614,2024,5.875,1
20230614,2023,5.625,9
20230614,2024,5.625,2
20230614,2025,5.625,1
20230614,2023,5.375,4
20230614,2023,5.125,2
20230614,2024,5.125,3
20230614,2024,4.875,2
20230614,2025,4.875,1
20230614,2024,4.625,2
20230614,2025,4.625,1
20230614,2024,4.375,6
20230614,2024,4.125,1
20230614,2025,4.125,2
20230614,2025,3.875,1
20230614,2024,3.625,1
20230614,2025,3.625,2
20230614,longer_run,3.625,1
20230614,2025,3.375,3
20230614,longer_run,3.25,1
20230614,2025,3.125,3
20230614,longer_run,3.0,1
20230614,2025,2.875,1
20230614,longer_run,2.75,2
20230614,2025,2.625,2
20230614,longer_run,2.625,2
20230614,longer_run,2.5,7
20230614,2025,2.375,1
20230614,longer_run,2.375,3
20230920,2024,6.125,1
20230920,2023,5.625,12
20230920,2024,5.625,1
20230920,2025,5.625,1
20230920,2023,5.375,7
20230920,2024,5.375,4
20230920,2025,5.375,1
20230920,2024,5.125,4
20230920,2025,5.125,1
20230920,2024,4.875,4
20230920,2025,4.875,1
20230920,2026,4.875,2
20230920,2024,4.625,3
20230920,2025,4.625,1
20230920,2026,4.625,1
20230920,2024,4.375,2
20230920,2025,4.125,3
20230920,2026,4.125,2
20230920,2025,3.875,2
20230920,2026,3.875,1
20230920,longer_run,3.75,2
20230920,2025,3.625,3
20230920,longer_run,3.5,1
20230920,2025,3.375,3
20230920,longer_run,3.25,1
20230920,2025,3.125,1
20230920,2026,3.125,2
20230920,longer_run,3.0,1
20230920,2025,2.875,1
20230920,2026,2.875,2
20230920,2025,2.625,1
20230920,2026,2.625,5
20230920,longer_run,2.625,2
20230920,2026,2.5,1
20230920,longer_run,2.5,8
20230920,2026,2.375,3
20230920,longer_run,2.375,3
20231213,2023,5.375,19
20231213,2024,5.375,2
20231213,2025,5.375,1
20231213,2024,5.125,1
20231213,2024,4.875,5
20231213,2026,4.875,1
20231213,2024,4.625,6
20231213,2024,4.375,4
20231213,2025,4.375,1
20231213,2025,4.125,1
20231213,2024,3.875,1
20231213,2025,3.875,4
20231213,longer_run,3.75,1
20231213,2025,3.625,3
20231213,2026,3.625,1
20231213,longer_run,3.5,2
20231213,2025,3.375,5
20231213,2026,3.375,1
20231213,2025,3.125,2
20231213,2026,3.125,4
20231213,longer_run,3.0,1
20231213,2025,2.875,1
20231213,2026,2.875,4
20231213,longer_run,2.875,1
20231213,longer_run,2.75,1
20231213,2026,2.625,4
20231213,longer_run,2.625,1
20231213,2026,2.5,1
20231213,longer_run,2.5,8
20231213,2025,2.375,1
20231213,2026,2.375,3
20231213,longer_run,2.375,3
20240320,2024,5.375,2
20240320,2025,5.375,1
20240320,2024,5.125,2
20240320,2024,4.875,5
20240320,2026,4.875,1
20240320,2024,4.625,9
20240320,2024,4.375,1
20240320,2025,4.375,2
20240320,2025,4.125,1
20240320,2025,3.875,6
20240320,longer_run,3.75,1
20240320,2025,3.625,5
20240320,2026,3.625,1
20240320,longer_run,3.5,2
20240320,2025,3.375,1
20240320,2026,3.375,2
20240320,2025,3.125,2
20240320,2026,3.125,6
20240320,longer_run,3.125,1
20240320,longer_run,3.0,3
20240320,2026,2.875,5
20240320,longer_run,2.75,1
20240320,2025,2.625,1
20240320,2026,2.625,1
20240320,longer_run,2.625,1
20240320,2026,2.5,1
20240320,longer_run,2.5,8
20240320,2026,2.375,2
20240320,longer_run,2.375,1
20240612,2024,5.375,4
20240612,2025,5.375,1
20240612,2024,5.125,7
20240612,2024,4.875,8
20240612,2025,4.875,1
20240612,2026,4.875,1
20240612,2025,4.375,4
20240612,2025,4.125,9
20240612,2026,4.125,1
20240612,2025,3.875,2
20240612,longer_run,3.75,1
20240612,2025,3.625,1
20240612,2026,3.625,3
20240612,longer_run,3.625,1
20240612,longer_run,3.5,2
20240612,2026,3.375,3
20240612,2026,3.125,7
20240612,longer_run,3.125,1
20240612,longer_run,3.0,4
20240612,2025,2.875,1
20240612,2026,2.875,2
20240612,longer_run,2.75,3
20240612,2026,2.625,1
20240612,longer_run,2.625,1
20240612,longer_run,2.5,5
20240612,2026,2.375,1
20240612,longer_run,2.375,1
20240918,2024,4.875,2
20240918,2024,4.625,7
20240918,2024,4.375,9
20240918,2024,4.125,1
20240918,2025,4.125,1
20240918,2025,3.875,1
20240918,2026,3.875,1
20240918,2027,3.875,1
20240918,longer_run,3.75,1
20240918,2025,3.625,3
20240918,2026,3.625,3
20240918,2027,3.625,3
20240918,longer_run,3.625,1
20240918,longer_run,3.5,2
20240918,2025,3.375,6
20240918,2026,3.375,3
20240918,2027,3.375,3
20240918,longer_run,3.375,2
20240918,longer_run,3.25,1
20240918,2025,3.125,6
20240918,2026,3.125,2
20240918,2027,3.125,2
20240918,longer_run,3.0,2
20240918,2025,2.875,2
20240918,2026,2.875,6
20240918,2027,2.875,5
20240918,longer_run,2.875,2
20240918,longer_run,2.75,3
20240918,2026,2.625,3
20240918,2027,2.625,3
20240918,longer_run,2.625,1
20240918,longer_run,2.5,3
20240918,2026,2.375,1
20240918,2027,2.375,2
20240918,longer_run,2.375,1
20241218,2024,4.625,4
20241218,2024,4.375,15
20241218,2025,4.375,1
20241218,2025,4.125,3
20241218,2025,3.875,10
20241218,2026,3.875,3
20241218,2027,3.875,2
20241218,longer_run,3.875,1
20241218,longer_run,3.75,1
20241218,2025,3.625,3
20241218,2026,3.625,4
20241218,2027,3.625,4
20241218,longer_run,3.625,2
20241218,longer_run,3.5,2
20241218,2025,3.375,1
20241218,2026,3.375,5
20241218,2027,3.375,1
20241218,longer_run,3.375,1
20241218,2025,3.125,1
20241218,2026,3.125,4
20241218,2027,3.125,7
20241218,longer_run,3.125,1
20241218,longer_run,3.0,3
20241218,2026,2.875,1
20241218,2027,2.875,2
20241218,longer_run,2.875,4
20241218,2026,2.75,1
20241218,2027,2.75,1
20241218,longer_run,2.75,1
20241218,2027,2.625,1
20241218,longer_run,2.625,1
20241218,longer_run,2.5,1
20241218,2026,2.375,1
20241218,2027,2.375,1
20241218,longer_run,2.375,1
20250319,2025,4.375,4
20250319,2025,4.125,4
20250319,2026,4.125,3
20250319,2025,3.875,9
20250319,2026,3.875,1
20250319,2027,3.875,2
20250319,longer_run,3.875,1
20250319,longer_run,3.75,1
20250319,2025,3.625,2
20250319,2026,3.625,2
20250319,2027,3.625,4
20250319,longer_run,3.625,2
20250319,longer_run,3.5,2
20250319,2026,3.375,9
20250319,2027,3.375,2
20250319,longer_run,3.375,1
20250319,2026,3.125,1
20250319,2027,3.125,6
20250319,longer_run,3.125,1
20250319,longer_run,3.0,3
20250319,2026,2.875,3
20250319,2027,2.875,3
20250319,longer_run,2.875,4
20250319,2027,2.625,2
20250319,longer_run,2.625,2
20250319,longer_run,2.5,2
20250618,2025,4.375,7
20250618,2025,4.125,2
20250618,2026,4.125,1
20250618,2025,3.875,8
20250618,2026,3.875,5
20250618,2027,3.875,2
20250618,longer_run,3.875,1
20250618,longer_run,3.75,1
20250618,2025,3.625,2
20250618,2026,3.625,4
20250618,2027,3.625,3
20250618,longer_run,3.625,2
20250618,longer_run,3.5,2
20250618,2026,3.375,5
20250618,2027,3.375,6
20250618,longer_run,3.375,1
20250618,2026,3.125,2
20250618,2027,3.125,3
20250618,longer_run,3.125,1
20250618,longer_run,3.0,3
20250618,2026,2.875,1
20250618,2027,2.875,3
20250618,longer_run,2.875,4
20250618,2026,2.625,1
20250618,2027,2.625,2
20250618,longer_run,2.625,2
20250618,longer_run,2.5,2
20250917,2025,4.375,1
20250917,2025,4.125,6
20250917,2025,3.875,2
20250917,2026,3.875,2
20250917,2027,3.875,2
20250917,2028,3.875,2
20250917,longer_run,3.875,1
20250917,longer_run,3.75,1
20250917,2025,3.625,9
20250917,2026,3.625,6
20250917,2027,3.625,2
20250917,2028,3.625,2
20250917,longer_run,3.625,1
20250917,longer_run,3.5,1
20250917,2026,3.375,2
20250917,2027,3.375,2
20250917,2028,3.375,2
20250917,longer_run,3.375,2
20250917,longer_run,3.25,1
20250917,2026,3.125,4
20250917,2027,3.125,7
20250917,2028,3.125,5
20250917,longer_run,3.125,2
20250917,longer_run,3.0,4
20250917,2025,2.875,1
20250917,2026,2.875,3
20250917,2027,2.875,3
20250917,2028,2.875,4
20250917,longer_run,2.875,1
20250917,2028,2.75,1
20250917,longer_run,2.75,2
20250917,2026,2.625,2
20250917,2027,2.625,2
20250917,2028,2.625,3
20250917,longer_run,2.625,3
20250917,2027,2.375,1
20251210,2025,3.875,6
20251210,2026,3.875,3
20251210,2027,3.875,2
20251210,2028,3.875,2
20251210,longer_run,3.875,1
20251210,longer_run,3.75,1
20251210,2025,3.625,12
20251210,2026,3.625,4
20251210,2027,3.625,2
20251210,2028,3.625,2
20251210,longer_run,3.625,1
20251210,longer_run,3.5,1
20251210,2025,3.375,1
20251210,2026,3.375,4
20251210,2027,3.375,3
20251210,2028,3.375,2
20251210,longer_run,3.375,2
20251210,longer_run,3.25,1
20251210,2026,3.125,4
20251210,2027,3.125,6
20251210,2028,3.125,6
20251210,longer_run,3.125,2
20251210,longer_run,3.0,5
20251210,2026,2.875,2
20251210,2027,2.875,3
20251210,2028,2.875,3
20251210,longer_run,2.875,1
20251210,2028,2.75,1
20251210,longer_run,2.75,1
20251210,2026,2.625,1
20251210,2027,2.625,2
20251210,2028,2.625,3
20251210,longer_run,2.625,3
20251210,2027,2.375,1
20251210,2026,2.125,1
20260318,2027,3.875,1
20260318,2028,3.875,1
20260318,longer_run,3.875,1
20260318,longer_run,3.75,1
20260318,2026,3.625,7
20260318,2027,3.625,3
20260318,2028,3.625,3
20260318,longer_run,3.625,1
20260318,longer_run,3.5,1
20260318,2026,3.375,7
20260318,2027,3.375,4
20260318,2028,3.375,3
20260318,longer_run,3.375,2
20260318,longer_run,3.25,1
20260318,2026,3.125,2
20260318,2027,3.125,6
20260318,2028,3.125,7
20260318,longer_run,3.125,3
20260318,longer_run,3.0,5
20260318,2026,2.875,2
20260318,2027,2.875,3
20260318,2028,2.875,3
20260318,longer_run,2.875,2
20260318,2026,2.625,1
20260318,2027,2.625,1
20260318,2028,2.625,2
20260318,longer_run,2.625,2
20260318,2027,2.375,1
20260617,2026,4.375,1
20260617,2027,4.375,1
20260617,2026,4.125,5
20260617,2027,4.125,2
20260617,2026,3.875,3
20260617,2027,3.875,5
20260617,2028,3.875,3
20260617,longer_run,3.875,1
20260617,longer_run,3.75,1
20260617,2026,3.625,8
20260617,2027,3.625,2
20260617,2028,3.625,5
20260617,longer_run,3.625,1
20260617,longer_run,3.5,1
20260617,2026,3.375,1
20260617,2027,3.375,3
20260617,2028,3.375,2
20260617,longer_run,3.375,2
20260617,longer_run,3.25,1
20260617,2027,3.125,4
20260617,2028,3.125,6
20260617,longer_run,3.125,2
20260617,longer_run,3.0,7
20260617,2027,2.875,1
20260617,2028,2.875,1
20260617,longer_run,2.875,2
20260916,2026,4.375,4
20260916,2027,4.375,8
20260916,2026,4.125,12
20260916,2027,4.125,6
20260916,2028,4.125,4
20260916,2026,3.875,2
20260916,2028,3.875,5
20260916,2029,3.875,3
20260916,longer_run,3.875,2
20260916,longer_run,3.75,1
20260916,2027,3.625,3
20260916,2028,3.625,3
20260916,2029,3.625,7
20260916,longer_run,3.625,2
20260916,longer_run,3.5,2
20260916,2028,3.375,1
20260916,2029,3.375,2
20260916,longer_run,3.375,1
20260916,longer_run,3.25,2
20260916,2027,3.125,1
20260916,2028,3.125,4
20260916,2029,3.125,4
20260916,longer_run,3.125,1
20260916,longer_run,3.0,6
20260916,2029,2.875,1
20260916,longer_run,2.875,1
